Characters,0,1,2
a,0.03909590714722053,0.0793564221434415,0.015887388870595983
c,0.03836285888821014,0.02754295064085083,0.06857095818241686
d,0.018692730604764812,0.017180256340332697,0.04181758314125782
e,0.03909590714722053,0.02617943823288792,0.05622324662495884
f,0.06597434331093463,0.04963185164985001,0.05548238393151136
g,0.03726328649969456,0.018543768748295608,0.04856766545933487
h,0.03653023824068418,0.01772566130351786,0.03630227197892657
i,0.029077580940745265,0.021270793564221433,0.050131708923279554
k,0.032864996945632254,0.023997818380147258,0.04955548238393151
l,0.03481979230299328,0.05263157894736842,0.042229173526506424
m,0.046670739156994503,0.04281428961003545,0.04790912084293711
n,0.055833842394624314,0.023452413416962095,0.05408297662166612
p,0.05839951130116066,0.037087537496591216,0.057540335857754366
q,0.05436774587660354,0.0218161985274066,0.05375370431346724
r,0.028222357971899818,0.01745295882192528,0.051778070464273955
s,0.05766646304215028,0.04172347968366512,0.04897925584458347
t,0.0596212583995113,0.11098991000818108,0.05745801778070464
v,0.11350030543677458,0.14535042268884646,0.053836022390516956
w,0.074282223579719,0.11862557949277339,0.06429041817583141
y,0.07965791081246182,0.10662667030269976,0.045604214685544944
